filename,pause_ratio
pitch1.m4a,0.2132127215423028
pitch2.m4a,0.23877134632046731
pitch3.m4a,0.4689413095554964
pitch4.m4a,0.12399877117659841
pitch5.m4a,0.2573794570502431
pitch6.m4a,0.23158641385895512
pitch7.m4a,0.22660362256229757
pitch8.m4a,0.22766705366357068
pitch9.m4a,0.17762440973483473
pitch10.m4a,0.18562264941491008
